method,ratio_missing_tail,ratio_included_anomaly,ratio_included_head,auprc,class_size_pred_error,auroc,tail_pred_acc,tail_pred_mcc,tail_pred_precision,tail_pred_recall
knnod,58.46153846153847,24.719101123595504,72.44897959183673,39.13939171405485,1.0,74.17943107221006,88.86618986725807,0.2801335370971649,0.2755102040816326,0.4153846153846154
