method,ratio_missing_tail,ratio_included_anomaly,ratio_included_head,auprc,class_size_pred_error,auroc,tail_pred_acc,tail_pred_mcc,tail_pred_precision,tail_pred_recall
knnod,36.36363636363637,20.33898305084746,35.38461538461539,67.43716371558848,1.0,88.78996147037384,92.74691343307495,0.600902308250745,0.6461538461538462,0.6363636363636364
