method,ratio_missing_tail,ratio_included_anomaly,ratio_included_head,auprc,class_size_pred_error,auroc,tail_pred_acc,tail_pred_mcc,tail_pred_precision,tail_pred_recall
knnod,63.013698630136986,37.68115942028986,64.47368421052632,50.06856383855576,1.0,81.48096527556545,87.51642554998398,0.2933287111868245,0.35526315789473684,0.3698630136986301
