method,ratio_missing_tail,ratio_included_anomaly,ratio_included_head,auprc,class_size_pred_error,auroc,tail_pred_acc,tail_pred_mcc,tail_pred_precision,tail_pred_recall
acs-trim_min-mode,39.285714285714285,8.415841584158416,95.73934837092732,61.060153146975836,2.54,73.54402694911845,90.8391609787941,0.14347968731704228,0.042606516290726815,0.6071428571428571
