method,ratio_missing_tail,ratio_included_anomaly,ratio_included_head,auprc,class_size_pred_error,auroc,tail_pred_acc,tail_pred_mcc,tail_pred_precision,tail_pred_recall
knnod,30.357142857142854,16.216216216216218,51.85185185185185,69.62823134285028,1.0,88.92857142857142,92.72503107786179,0.5418582227079443,0.48148148148148145,0.6964285714285714
