method,ratio_missing_tail,ratio_included_anomaly,ratio_included_head,auroc,class_size_pred_error,tail_pred_acc,ratio_missing_tail_std,ratio_included_anomaly_std,ratio_included_head_std,auroc_std,class_size_pred_error_std,tail_pred_acc_std
acs-trim_min-mode,2.566666666666667,8.247268729697975,72.40953411358817,99.32009025018878,0.18059999999999998,92.31507285684347,6.229478782024352,3.8584264414538088,9.433665402886312,1.1428719822217681,0.049090087947506036,2.332495204666155
