method,ratio_missing_tail,ratio_included_anomaly,ratio_included_head,auroc,class_size_pred_error,tail_pred_acc,ratio_missing_tail_std,ratio_included_anomaly_std,ratio_included_head_std,auroc_std,class_size_pred_error_std,tail_pred_acc_std
acs-min_kde-none,26.666666666666664,30.900211096584382,98.3761016424105,69.18859346300005,2.73,72.68903076648712,16.850834320114554,7.313548803668203,0.6877671738501187,17.052567111021002,1.3432981798543466,9.385047117738633
acs-double_min_kde-none,26.666666666666664,30.900211096584382,98.3761016424105,68.46917788595707,2.738,72.68903076648712,16.850834320114554,7.313548803668203,0.6877671738501187,17.045200678865466,1.3349044909655523,9.385047117738633
