method,ratio_missing_tail,ratio_included_anomaly,ratio_included_head,auprc,class_size_pred_error,auroc,tail_pred_acc,tail_pred_mcc,tail_pred_precision,tail_pred_recall,ratio_missing_tail_std,ratio_included_anomaly_std,ratio_included_head_std,auprc_std,class_size_pred_error_std,auroc_std,tail_pred_acc_std,tail_pred_mcc_std,tail_pred_precision_std,tail_pred_recall_std
knnod,42.972536595824266,22.868015039112883,54.599268068231176,59.910115952968184,1.0,85.06203584934416,91.02207481861115,0.4588748735440708,0.45400731931768823,0.5702746340417573,16.660315648939974,9.076060088450449,14.370706232357831,14.646305536765345,0.0,7.198763488589824,2.636386563651998,0.15861822120992441,0.14370706232357836,0.16660315648939975
