test_data_name,image_auroc,pixel_auroc
candle,97.09,99.27634713643232
capsules,56.900000000000006,93.41673200546171
cashew,97.18,97.240964660949
chewinggum,99.16,99.0918321759243
fryum,94.28,91.269500349039
macaroni1,95.02000000000001,99.5806580153174
macaroni2,42.97,85.58715996273281
pcb1,97.17,99.63705919976204
pcb2,80.65,96.96651379625001
pcb3,96.68316831683168,99.24690812063754
pcb4,98.61386138613861,97.07795336608602
pipe_fryum,99.03999999999999,98.93256805187846
