test_data_name,image_auroc,pixel_auroc
candle,92.94,89.60986417882616
capsules,61.74999999999999,97.42148523313186
cashew,97.32,98.56759538511224
chewinggum,98.44,99.30345225091595
fryum,92.18,88.19583913292412
macaroni1,94.74000000000001,98.54975822017279
macaroni2,70.13000000000001,85.7816611005472
pcb1,83.72,99.29965776716344
pcb2,58.18000000000001,92.50523980331137
pcb3,62.504950495049506,96.0215785941514
pcb4,64.75247524752476,91.70439650752722
pipe_fryum,99.18,98.33108042828698
