test_data_name,image_auroc,pixel_auroc
candle,94.81,97.3638204510808
capsules,65.3,96.50312839640239
cashew,96.88,98.62631279406867
chewinggum,99.24,99.12241612287336
fryum,95.56,88.54210459989608
macaroni1,73.31,98.96697402183759
macaroni2,70.99,95.90082203923401
pcb1,82.53,99.31981412865905
pcb2,79.21000000000001,95.86485032384216
pcb3,95.25742574257426,98.54187375724698
pcb4,79.53465346534654,83.66426390588622
pipe_fryum,98.96000000000001,98.86976235417674
