test_data_name,image_auroc,pixel_auroc
candle,91.71,98.47683051044177
capsules,68.51666666666667,96.90508520781039
cashew,67.41999999999999,89.6584804151247
chewinggum,97.76,99.23259660392051
fryum,90.34,89.86517491385092
macaroni1,95.86,99.3890587555143
macaroni2,72.35000000000001,96.42358655583111
pcb1,82.77000000000001,99.25406187328795
pcb2,95.41,94.69803280713882
pcb3,96.04950495049505,99.28855704832785
pcb4,99.39603960396039,96.81685148203924
pipe_fryum,99.52,98.82690683339462
