test_data_name,image_auroc,pixel_auroc
candle,94.77000000000001,98.9434822729826
capsules,65.43333333333334,96.58486559923718
cashew,94.14,97.65336716405433
chewinggum,99.2,99.19023471693899
fryum,93.8,90.04792043306895
macaroni1,94.52,99.52304195244986
macaroni2,41.949999999999996,84.64771849131924
pcb1,89.39000000000001,99.5489500620007
pcb2,49.6,81.97592697091783
pcb3,94.60396039603961,98.75637320816305
pcb4,99.53465346534654,96.32796395880843
pipe_fryum,88.20000000000002,98.36298978631824
