test_data_name,image_auroc,pixel_auroc
candle,92.9,98.92075125269668
capsules,66.28333333333333,96.30079747203551
cashew,93.6,97.63931133488512
chewinggum,98.58,99.39762315917417
fryum,92.5,90.09819204171508
macaroni1,66.54,94.22934398278856
macaroni2,72.47999999999999,96.72725728597007
pcb1,96.58,99.67046147070215
pcb2,92.75000000000001,94.61918693992764
pcb3,95.51485148514851,97.558157014031
pcb4,71.6930693069307,78.87930706624066
pipe_fryum,97.74000000000001,98.9432036642174
