test_data_name,image_auroc,pixel_auroc
candle,92.84,98.87071438125061
capsules,66.36666666666666,96.80095992833263
cashew,93.67999999999999,97.42820242887052
chewinggum,97.88,99.24773397468485
fryum,91.7,90.26154077801269
macaroni1,95.86,99.38912904709127
macaroni2,69.33,96.55030485912778
pcb1,79.09,99.25278411646947
pcb2,95.41,94.69960085993169
pcb3,96.04950495049505,99.28820006069347
pcb4,99.39603960396039,96.81681059028585
pipe_fryum,99.52,98.82696268251387
