test_data_name,image_auroc,pixel_auroc
candle,97.58,99.287492099796
capsules,67.73333333333333,94.7416252812708
cashew,97.08,97.83183314511128
chewinggum,99.52,98.97734506982742
fryum,85.52000000000001,87.61312179468628
macaroni1,95.6,99.51962669399867
macaroni2,68.38000000000001,94.70742581781668
pcb1,96.89000000000001,98.37176254307731
pcb2,75.81,94.41258283970578
pcb3,63.62376237623762,97.88631545912229
pcb4,52.98019801980198,91.00041918315216
pipe_fryum,96.28000000000002,96.97397687824024
