test_data_name,image_auroc,pixel_auroc
candle,91.58,98.53098033371442
capsules,67.63333333333334,95.70649679942294
cashew,96.44,98.23410748546483
chewinggum,98.9,99.01708273912669
fryum,91.85999999999999,89.21391217616119
macaroni1,62.82000000000001,93.5926557646657
macaroni2,70.68,74.584868313867
pcb1,87.35,99.43170442621664
pcb2,86.34,96.81747196080063
pcb3,83.43564356435644,98.70186197648448
pcb4,97.04950495049505,95.6212896962923
pipe_fryum,99.32,98.75055297470102
