test_data_name,image_auroc,pixel_auroc
candle,96.98,99.18309661311599
capsules,66.2,92.31228288623046
cashew,95.92,97.52218826937265
chewinggum,98.48,97.46323037537917
fryum,93.97999999999999,88.27064037758214
macaroni1,68.42,99.31037969306792
macaroni2,46.56000000000001,91.29157407849301
pcb1,97.2,99.81949455835948
pcb2,95.30000000000001,98.19004761670277
pcb3,86.16831683168317,99.0226549587705
pcb4,97.24752475247524,96.88184160528061
pipe_fryum,98.2,98.84511744624282
