test_data_name,image_auroc,pixel_auroc
candle,97.14,99.306102155356
capsules,55.08333333333333,94.25562975480972
cashew,86.88,96.64488325401817
chewinggum,98.1,98.6318788974568
fryum,85.34,86.66773648549596
macaroni1,95.06000000000002,99.62731230370275
macaroni2,60.809999999999995,91.20005681539615
pcb1,33.290000000000006,96.85388780219333
pcb2,94.57,96.42045455826616
pcb3,71.96039603960396,97.67914798988073
pcb4,99.68316831683168,96.75888212042463
pipe_fryum,99.24,98.97541486405098
