method,ratio_missing_tail,ratio_included_anomaly,ratio_included_head,auprc,class_size_pred_error,auroc,tail_pred_acc,tail_pred_mcc,tail_pred_precision,tail_pred_recall
knnod,26.666666666666668,15.384615384615385,48.837209302325576,73.2772291537915,1.0,91.93125,93.25581416487694,0.5781515884776753,0.5116279069767442,0.7333333333333333
