method,ratio_missing_tail,ratio_included_anomaly,ratio_included_head,auroc,class_size_pred_error,tail_pred_acc
scs_symmin,28.57142857142857,6.976744186046512,89.9497487437186,86.01284659433394,1.03,95.10471187531948
scs_indep,28.57142857142857,0.0,0.0,82.8228601567209,1.42,99.79057591408491
lof,0.0,59.30232558139535,95.11343804537522,99.90393309222424,1.0,85.73298454284668
if,3.571428571428571,7.55813953488372,75.45454545454545,99.76548372513562,1.0,97.80104719102383
ocsvm,0.0,60.46511627906976,98.53326348873756,94.40080620855937,1.0,50.75916349887848
