method,ratio_missing_tail,ratio_included_anomaly,ratio_included_head,auroc,class_size_pred_error,tail_pred_acc
scs_symmin,28.57142857142857,0.0,0.0,99.99999999999999,0.03,99.78986077476293
scs_indep,7.142857142857142,0.0,0.0,100.0,0.27,99.94746519369073
lof,28.57142857142857,45.65217391304348,96.49737302977232,73.97459645408838,1.0,85.31652241945267
if,0.0,2.898550724637681,54.83870967741935,100.0,1.0,99.10690831020474
ocsvm,0.0,29.71014492753623,98.53018372703411,99.98015347975655,1.0,50.69608688354492
