method,ratio_missing_tail,ratio_included_anomaly,ratio_included_head,auroc,class_size_pred_error,tail_pred_acc
scs_symmin,7.142857142857142,0.0,0.0,100.0,0.24,99.94746519369073
scs_indep,10.714285714285714,13.043478260869565,94.96981891348088,98.57861112161191,0.61,87.52298429608345
lof,42.857142857142854,46.3768115942029,97.19789842381786,67.4195743393944,1.0,85.10638326406479
if,0.0,7.246376811594203,48.148148148148145,99.98109855214909,1.0,99.31704755872488
ocsvm,0.0,41.30434782608695,98.52863899106674,97.59195554379465,1.0,50.74862241744995
